{"cameraMode":{"drawMode":0,"name":"Shaded","section":"Shading Mode"},"sceneLighting":false,"audioPlay":false,"sceneViewState":{"m_AlwaysRefresh":false,"showFog":false,"showSkybox":false,"showFlares":false,"showImageEffects":false,"showParticleSystems":false,"showVisualEffectGraphs":true,"m_FxEnabled":true},"in2DMode":false,"pivot":{"x":0.8941357731819153,"y":1.5601608753204346,"z":-1.0971705913543702},"rotation":{"x":0.003651091130450368,"y":0.99350905418396,"z":-0.026762710884213449,"w":0.11258561909198761},"size":2.2710187435150148,"orthographic":false}