{"cameraMode":{"drawMode":0,"name":"Shaded","section":"Shading Mode"},"sceneLighting":false,"audioPlay":false,"sceneViewState":{"m_AlwaysRefresh":false,"showFog":false,"showSkybox":false,"showFlares":false,"showImageEffects":false,"showParticleSystems":false,"showVisualEffectGraphs":true,"m_FxEnabled":true},"in2DMode":false,"pivot":{"x":-1.1103986501693726,"y":-0.44136130809783938,"z":0.027519777417182924},"rotation":{"x":-0.2140273153781891,"y":0.6551741361618042,"z":-0.2017872929573059,"w":-0.6961795687675476},"size":1.9226763248443604,"orthographic":false}