{"cameraMode":{"drawMode":0,"name":"Shaded","section":"Shading Mode"},"sceneLighting":false,"audioPlay":false,"sceneViewState":{"m_AlwaysRefresh":false,"showFog":true,"showSkybox":false,"showFlares":true,"showImageEffects":true,"showParticleSystems":true,"showVisualEffectGraphs":true,"m_FxEnabled":true},"in2DMode":false,"pivot":{"x":2.690547227859497,"y":-816.0049438476563,"z":-33.71491622924805},"rotation":{"x":0.032101765275001529,"y":-0.9476401209831238,"z":0.3012703061103821,"w":0.10099881142377854},"size":0.14035645127296449,"orthographic":false}