{"cameraMode":{"drawMode":0,"name":"Shaded","section":"Shading Mode"},"sceneLighting":false,"audioPlay":false,"sceneViewState":{"m_AlwaysRefresh":false,"showFog":false,"showSkybox":false,"showFlares":false,"showImageEffects":false,"showParticleSystems":false,"showVisualEffectGraphs":true,"m_FxEnabled":true},"in2DMode":false,"pivot":{"x":0.11869712173938751,"y":-0.0052622780203819279,"z":-0.37905168533325198},"rotation":{"x":0.012653675861656666,"y":0.9876809120178223,"z":-0.10256146639585495,"w":0.1194203570485115},"size":0.25114181637763979,"orthographic":false}