{"cameraMode":{"drawMode":0,"name":"Shaded","section":"Shading Mode"},"sceneLighting":false,"audioPlay":false,"sceneViewState":{"m_AlwaysRefresh":false,"showFog":true,"showSkybox":false,"showFlares":true,"showImageEffects":true,"showParticleSystems":true,"showVisualEffectGraphs":true,"m_FxEnabled":true},"in2DMode":false,"pivot":{"x":0.010270833969116211,"y":0.09726893901824951,"z":-2.120671272277832},"rotation":{"x":-0.0073698447085917,"y":0.9926334619522095,"z":-0.08687616884708405,"w":-0.08418098092079163},"size":3.667008638381958,"orthographic":false}