{"cameraMode":{"drawMode":0,"name":"Shaded","section":"Shading Mode"},"sceneLighting":false,"audioPlay":false,"sceneViewState":{"m_AlwaysRefresh":false,"showFog":true,"showSkybox":false,"showFlares":true,"showImageEffects":true,"showParticleSystems":true,"showVisualEffectGraphs":true,"m_FxEnabled":true},"in2DMode":false,"pivot":{"x":-5.058663368225098,"y":0.34343481063842776,"z":9.57607650756836},"rotation":{"x":0.04201372712850571,"y":-0.9578042030334473,"z":0.21047794818878175,"w":0.19121810793876649},"size":15.592613220214844,"orthographic":false}