{"cameraMode":{"drawMode":0,"name":"Shaded","section":"Shading Mode"},"sceneLighting":false,"audioPlay":false,"sceneViewState":{"m_AlwaysRefresh":false,"showFog":true,"showSkybox":false,"showFlares":true,"showImageEffects":true,"showParticleSystems":true,"showVisualEffectGraphs":true,"m_FxEnabled":true},"in2DMode":false,"pivot":{"x":0.023499667644500734,"y":0.9225519895553589,"z":0.6441211700439453},"rotation":{"x":0.3949144184589386,"y":-0.21495138108730317,"z":0.09608499705791474,"w":0.8881624341011047},"size":3.8658320903778078,"orthographic":false}