{"cameraMode":{"drawMode":0,"name":"Shaded","section":"Shading Mode"},"sceneLighting":false,"audioPlay":false,"sceneViewState":{"m_AlwaysRefresh":false,"showFog":false,"showSkybox":false,"showFlares":false,"showImageEffects":false,"showParticleSystems":false,"showVisualEffectGraphs":true,"m_FxEnabled":true},"in2DMode":false,"pivot":{"x":0.8030878305435181,"y":0.7604583501815796,"z":-0.5494041442871094},"rotation":{"x":-0.01493123359978199,"y":-0.9850786328315735,"z":0.11609066277742386,"w":-0.12660305202007295},"size":1.3069567680358887,"orthographic":false}