{"cameraMode":{"drawMode":0,"name":"Shaded","section":"Shading Mode"},"sceneLighting":false,"audioPlay":false,"sceneViewState":{"m_AlwaysRefresh":false,"showFog":false,"showSkybox":false,"showFlares":false,"showImageEffects":false,"showParticleSystems":false,"showVisualEffectGraphs":true,"m_FxEnabled":true},"in2DMode":false,"pivot":{"x":0.6257948279380798,"y":-0.22690294682979585,"z":-0.023077592253684999},"rotation":{"x":-0.12770693004131318,"y":-0.7029914855957031,"z":0.12970542907714845,"w":-0.6878471374511719},"size":0.3452989459037781,"orthographic":false}