{"cameraMode":{"drawMode":0,"name":"Shaded","section":"Shading Mode"},"sceneLighting":false,"audioPlay":false,"sceneViewState":{"m_AlwaysRefresh":false,"showFog":false,"showSkybox":false,"showFlares":false,"showImageEffects":false,"showParticleSystems":false,"showVisualEffectGraphs":true,"m_FxEnabled":true},"in2DMode":false,"pivot":{"x":-0.010588964447379113,"y":-0.0533166378736496,"z":-0.11152355372905731},"rotation":{"x":-0.019874392077326776,"y":0.9447830319404602,"z":-0.32208752632141116,"w":-0.060952864587306979},"size":0.0881536677479744,"orthographic":false}