{"cameraMode":{"drawMode":0,"name":"Shaded","section":"Shading Mode"},"sceneLighting":false,"audioPlay":false,"sceneViewState":{"m_AlwaysRefresh":false,"showFog":false,"showSkybox":false,"showFlares":false,"showImageEffects":false,"showParticleSystems":false,"showVisualEffectGraphs":true,"m_FxEnabled":true},"in2DMode":false,"pivot":{"x":0.29832571744918826,"y":0.1952114701271057,"z":-0.4543895721435547},"rotation":{"x":-0.03529561311006546,"y":0.9440039396286011,"z":-0.10816604644060135,"w":-0.31041112542152407},"size":0.6478676795959473,"orthographic":false}