{"cameraMode":{"drawMode":0,"name":"Shaded","section":"Shading Mode"},"sceneLighting":false,"audioPlay":false,"sceneViewState":{"m_AlwaysRefresh":false,"showFog":true,"showSkybox":false,"showFlares":true,"showImageEffects":true,"showParticleSystems":true,"showVisualEffectGraphs":true,"m_FxEnabled":true},"in2DMode":false,"pivot":{"x":0.023499667644500734,"y":0.38519567251205447,"z":0.6441211700439453},"rotation":{"x":0.5422138571739197,"y":-0.0015386928571388126,"z":0.0015767045551910997,"w":0.8403732180595398},"size":4.024862289428711,"orthographic":false}