{"cameraMode":{"drawMode":0,"name":"Shaded","section":"Shading Mode"},"sceneLighting":false,"audioPlay":false,"sceneViewState":{"m_AlwaysRefresh":false,"showFog":true,"showSkybox":false,"showFlares":true,"showImageEffects":true,"showParticleSystems":true,"showVisualEffectGraphs":true,"m_FxEnabled":true},"in2DMode":false,"pivot":{"x":-112.52999877929688,"y":-808.2527465820313,"z":149.64999389648438},"rotation":{"x":0.10181640088558197,"y":-0.8812114596366882,"z":0.40500640869140627,"w":0.22153300046920777},"size":4.396627426147461,"orthographic":false}