{"cameraMode":{"drawMode":0,"name":"Shaded","section":"Shading Mode"},"sceneLighting":false,"audioPlay":false,"sceneViewState":{"m_AlwaysRefresh":false,"showFog":true,"showSkybox":false,"showFlares":true,"showImageEffects":true,"showParticleSystems":true,"showVisualEffectGraphs":true,"m_FxEnabled":true},"in2DMode":false,"pivot":{"x":-2.980232238769531e-7,"y":0.7072548270225525,"z":0.15029191970825196},"rotation":{"x":0.3949144184589386,"y":-0.21495138108730317,"z":0.09608499705791474,"w":0.8881624341011047},"size":3.5156514644622804,"orthographic":false}