{"cameraMode":{"drawMode":0,"name":"Shaded","section":"Shading Mode"},"sceneLighting":false,"audioPlay":false,"sceneViewState":{"m_AlwaysRefresh":false,"showFog":true,"showSkybox":true,"showFlares":true,"showImageEffects":true,"showParticleSystems":true,"showVisualEffectGraphs":true,"m_FxEnabled":true},"in2DMode":false,"pivot":{"x":428.21453857421877,"y":-1359.5474853515625,"z":-73.71890258789063},"rotation":{"x":-0.04254478961229324,"y":-0.9438453316688538,"z":0.2985527813434601,"w":-0.13558778166770936},"size":367.46575927734377,"orthographic":true}