{"cameraMode":{"drawMode":0,"name":"Shaded","section":"Shading Mode"},"sceneLighting":false,"audioPlay":false,"sceneViewState":{"m_AlwaysRefresh":false,"showFog":true,"showSkybox":false,"showFlares":true,"showImageEffects":true,"showParticleSystems":true,"showVisualEffectGraphs":true,"m_FxEnabled":true},"in2DMode":false,"pivot":{"x":0.597725510597229,"y":-0.10283364355564118,"z":24.67815399169922},"rotation":{"x":0.17736497521400453,"y":0.09624605625867844,"z":0.017432093620300294,"w":-0.9792748093605042},"size":0.28677845001220705,"orthographic":true}