{"cameraMode":{"drawMode":0,"name":"Shaded","section":"Shading Mode"},"sceneLighting":false,"audioPlay":false,"sceneViewState":{"m_AlwaysRefresh":false,"showFog":false,"showSkybox":false,"showFlares":false,"showImageEffects":false,"showParticleSystems":false,"showVisualEffectGraphs":true,"m_FxEnabled":true},"in2DMode":false,"pivot":{"x":1.407681941986084,"y":2.309526205062866,"z":0.39287781715393069},"rotation":{"x":0.00010798071161843836,"y":-0.9975902438163757,"z":0.0018064064206555486,"w":0.07012460380792618},"size":1.468798279762268,"orthographic":false}