{"cameraMode":{"drawMode":0,"name":"Shaded","section":"Shading Mode"},"sceneLighting":false,"audioPlay":false,"sceneViewState":{"m_AlwaysRefresh":false,"showFog":true,"showSkybox":false,"showFlares":true,"showImageEffects":true,"showParticleSystems":true,"showVisualEffectGraphs":true,"m_FxEnabled":true},"in2DMode":false,"pivot":{"x":3.8835248947143556,"y":1.599524974822998,"z":-0.5750558376312256},"rotation":{"x":0.11872726678848267,"y":0.8740809559822083,"z":-0.38752490282058718,"w":0.26780375838279726},"size":9.313426971435547,"orthographic":false}