{"cameraMode":{"drawMode":0,"name":"Shaded","section":"Shading Mode"},"sceneLighting":false,"audioPlay":false,"sceneViewState":{"m_AlwaysRefresh":false,"showFog":true,"showSkybox":false,"showFlares":true,"showImageEffects":true,"showParticleSystems":true,"showVisualEffectGraphs":true,"m_FxEnabled":true},"in2DMode":false,"pivot":{"x":1.6626396179199219,"y":-0.46541285514831545,"z":-8.477997779846192},"rotation":{"x":0.20963789522647859,"y":0.7578024864196777,"z":-0.29146337509155276,"w":0.5448917746543884},"size":12.531852722167969,"orthographic":false}