{"cameraMode":{"drawMode":0,"name":"Shaded","section":"Shading Mode"},"sceneLighting":false,"audioPlay":false,"sceneViewState":{"m_AlwaysRefresh":false,"showFog":true,"showSkybox":false,"showFlares":true,"showImageEffects":true,"showParticleSystems":true,"showVisualEffectGraphs":true,"m_FxEnabled":true},"in2DMode":false,"pivot":{"x":-2.980232238769531e-7,"y":0.7267377972602844,"z":0.3791215419769287},"rotation":{"x":0.07938099652528763,"y":-0.09257545322179795,"z":0.007403399329632521,"w":0.9925116896629334},"size":3.671023368835449,"orthographic":false}