{"cameraMode":{"drawMode":0,"name":"Shaded","section":"Shading Mode"},"sceneLighting":false,"audioPlay":false,"sceneViewState":{"m_AlwaysRefresh":false,"showFog":true,"showSkybox":false,"showFlares":true,"showImageEffects":true,"showParticleSystems":true,"showVisualEffectGraphs":true,"m_FxEnabled":true},"in2DMode":false,"pivot":{"x":4.690000057220459,"y":3.4100003242492677,"z":-20.58981704711914},"rotation":{"x":-0.0034066985826939346,"y":0.9731420278549194,"z":-0.22972765564918519,"w":-0.014431008137762547},"size":9.314388275146485,"orthographic":true}